{
  "train_loss": [
    0.07734752289764583,
    0.016316156013868748,
    0.014681764956563712,
    0.012480151235125959,
    0.010634072456043213,
    0.009515785249881446,
    0.008705104304011911,
    0.008070523804984986,
    0.0074927246631123125,
    0.0069649690948426725,
    0.006456026035360992,
    0.005943799042608589,
    0.005484535772819072,
    0.005056421629851684,
    0.004680818825727328,
    0.004332128860987723,
    0.0040224514331202955,
    0.003716307651018724,
    0.0034728957964107396,
    0.0032411426219623534
  ],
  "val_loss": [
    0.016903694063425064,
    0.013723644703626633,
    0.012589722961187363,
    0.010523288767784834,
    0.009416102983057499,
    0.008937847435474395,
    0.008666455943137407,
    0.00864574333280325,
    0.008643140364438296,
    0.008722811605781316,
    0.008857231725007296,
    0.009083954773843288,
    0.009250460483133794,
    0.009715786691755057,
    0.009956241369247436,
    0.01033352229744196,
    0.010891524448990822,
    0.011178623411804438,
    0.011743546232581139,
    0.012209739185869694
  ],
  "val_micro_f1": [
    0.0,
    0.0,
    0.017601915088361612,
    0.19955272664717014,
    0.30341264716109484,
    0.35192272644432293,
    0.37329617210294824,
    0.37175239755884915,
    0.3857817133787227,
    0.4007361963190184,
    0.4037381709663486,
    0.3915574387201521,
    0.40171269865761455,
    0.3962108407688377,
    0.40867951679478925,
    0.399818881593842,
    0.39873103237396323,
    0.4055073557148246,
    0.3997426387101658,
    0.40240377301080177
  ],
  "val_macro_f1": [
    0.0,
    0.0,
    0.0009250176024958642,
    0.021861669843478086,
    0.052489364720747285,
    0.07732754798343608,
    0.09719341707532995,
    0.10405820805109205,
    0.12135546919752678,
    0.1278705130189365,
    0.1368895059916522,
    0.13737476386962574,
    0.14616729318304653,
    0.1428077755729941,
    0.1513726398759346,
    0.1513791941665284,
    0.14898548913307852,
    0.15293185573798576,
    0.1531456128420653,
    0.14862051765145246
  ]
}