{
  "train_loss": [
    0.5833712087571621,
    0.23740830950438976,
    0.15883090498298408,
    0.14625045841932297,
    0.13621669986844062,
    0.11920878636837005,
    0.10558123017847539,
    0.09633145711570978,
    0.08950135712698103,
    0.08415395668148995,
    0.07936493237316608,
    0.07522688337415456,
    0.07148690748214721,
    0.06820237860456109,
    0.06506096481159329,
    0.062265083514153954,
    0.05960034076869488,
    0.05695059347897768,
    0.05461500945314765,
    0.05231796366348863,
    0.05009653860703111,
    0.04804468571394682,
    0.04601694290526211,
    0.044203581131994726,
    0.042440048640593885,
    0.040749277375638486,
    0.039122434865683314,
    0.03762676676549018,
    0.0361536054816097,
    0.03485994634591043,
    0.033626904716715214,
    0.03232972935587168,
    0.03139026419818401,
    0.03025519476272166,
    0.0291063185967505,
    0.028187452163547278,
    0.02720439050346613,
    0.0263860920406878,
    0.02563845804706216,
    0.024888359893113374,
    0.02406609444320202,
    0.02338784118182957,
    0.022830724285915493,
    0.022118677136488258,
    0.021549522247165442,
    0.020976542298682035,
    0.020428200528025627,
    0.019935852062888445,
    0.019552038579247893,
    0.019047988773323594,
    0.01854598277527839,
    0.01817329728975892,
    0.01767195695824921,
    0.01727143023721874,
    0.01699016366712749,
    0.016719589383341373,
    0.01628324395418167,
    0.01595361117552966,
    0.015558037469163536,
    0.015333247711881996,
    0.014974715433083475,
    0.014733905807137489,
    0.014424041870981456,
    0.014173010074533521,
    0.013912158664315938,
    0.013803984982892871,
    0.013540670819114893,
    0.013246900392696262,
    0.013104354509618133,
    0.012849213242530824,
    0.012646246200893075,
    0.012531935853417962,
    0.012327458374667912
  ],
  "val_loss": [
    0.3367561573982239,
    0.16925177466869354,
    0.14500964140892028,
    0.1397450566291809,
    0.12353979820013046,
    0.10863297235965728,
    0.09919998329877854,
    0.09376752179861068,
    0.08987871092557907,
    0.08783488875627518,
    0.0858723209798336,
    0.08518557316064834,
    0.08397868168354035,
    0.08413599532842636,
    0.08432160785794258,
    0.08520401945710182,
    0.08605571603775024,
    0.08661076602339744,
    0.08701243922114373,
    0.08874799966812134,
    0.09000355529785156,
    0.09185796496272088,
    0.0922093135714531,
    0.09361398410797118,
    0.09474648344516755,
    0.09758554929494857,
    0.09847681081295014,
    0.10047549498081207,
    0.10311208957433701,
    0.10410700798034668,
    0.1065139767229557,
    0.10733397901058198,
    0.107481640458107,
    0.11261436885595322,
    0.11243132036924362,
    0.1141776683330536,
    0.11648147970438004,
    0.1191254233121872,
    0.12245542168617249,
    0.12267570477724075,
    0.1255506915450096,
    0.12540961420536043,
    0.12878945380449294,
    0.13130757564306259,
    0.13215924227237702,
    0.13313556814193725,
    0.135170714199543,
    0.13633076244592668,
    0.1374127836227417,
    0.14155841732025146,
    0.14169957226514815,
    0.1443473146557808,
    0.14594008642435075,
    0.14606667846441268,
    0.14813789516687392,
    0.15011827319860457,
    0.15051737773418428,
    0.153476892888546,
    0.15394736123085023,
    0.15587039816379547,
    0.15670732718706132,
    0.15883373558521272,
    0.16083023095130922,
    0.16202561384439468,
    0.16196303057670594,
    0.16308480674028397,
    0.16506395053863526,
    0.16626049798727036,
    0.16664616400003432,
    0.16890193516016005,
    0.16836140221357346,
    0.16923890447616577,
    0.17228386563062667
  ],
  "val_micro_f1": [
    0.1999574739527961,
    0.1986421473854593,
    0.05561218711065806,
    0.16492604319266577,
    0.2692928640619955,
    0.324525077236574,
    0.3495856851206917,
    0.36467120049035345,
    0.3732991300468436,
    0.3804031354983203,
    0.38314768427223794,
    0.38267628503739987,
    0.3821525536601609,
    0.38760937865136447,
    0.38886483457708276,
    0.38595122965735973,
    0.39030041336457705,
    0.3893042575285566,
    0.38555830243098477,
    0.39078092824330746,
    0.3904393039049236,
    0.388691266259623,
    0.3898748756609602,
    0.38994345182785994,
    0.39120971337162036,
    0.395793183194758,
    0.3972296449800949,
    0.3953124571177649,
    0.39899609592861124,
    0.39541563104114885,
    0.3954592134114186,
    0.3974405341493949,
    0.3940358610181482,
    0.39996550534667125,
    0.4013535801626571,
    0.4046747794513942,
    0.40122485190166846,
    0.4017352821289233,
    0.407189891439758,
    0.4052860825505941,
    0.4069437389823419,
    0.4045794751945094,
    0.40886580504891895,
    0.4095717116293248,
    0.4090066547145158,
    0.4109846760734335,
    0.4103585657370518,
    0.41254723647423885,
    0.41235346331609074,
    0.4105352484520854,
    0.4121193092621664,
    0.4117867399175927,
    0.41281499303532987,
    0.4125620043600518,
    0.41411110760193287,
    0.4148493956641299,
    0.4127431813082914,
    0.41740251369642284,
    0.4130281010867468,
    0.4136347466123347,
    0.4159917727214295,
    0.4177326432965531,
    0.4172987882967195,
    0.4176317265498697,
    0.41784006811186064,
    0.41646377574521287,
    0.4172047283202543,
    0.4192131016576793,
    0.41790550607555543,
    0.4165689984261461,
    0.41678331000466573,
    0.4152587825154197,
    0.4173065863807043
  ],
  "val_macro_f1": [
    0.0014766914871060654,
    0.0013269060682915181,
    0.0004203815409443187,
    0.0019279943168043984,
    0.015816788540217893,
    0.03903041436703935,
    0.057007729967285654,
    0.07265465339392903,
    0.09180960031513749,
    0.10153567956597692,
    0.11376470063844117,
    0.12038930467775985,
    0.1313988106546494,
    0.13600853555652795,
    0.13933889628119517,
    0.1423075938081627,
    0.14385242881437102,
    0.1441615200255046,
    0.1488598339842199,
    0.15251573317377487,
    0.15074271698999395,
    0.1497430685080934,
    0.1533074298611457,
    0.15001242380908075,
    0.15388821579626918,
    0.15221072189392126,
    0.15609254418225188,
    0.15541745388119865,
    0.15445932147124197,
    0.15598481976486833,
    0.1568047340306016,
    0.15927714645791496,
    0.1631167951715016,
    0.1569350348502646,
    0.15818074181443328,
    0.15867428670883427,
    0.1591751741563521,
    0.1585862633574212,
    0.1595498805142884,
    0.15755053202545652,
    0.15587120023965473,
    0.15963284396501326,
    0.15752497817533812,
    0.15754052969589605,
    0.15720191361159935,
    0.15983353696606345,
    0.1589057755200902,
    0.15830434701513874,
    0.15630994521435101,
    0.15470544936315012,
    0.15812354591511038,
    0.15722343952850737,
    0.15611636788613065,
    0.15591598101943538,
    0.15664721907949192,
    0.1571218160023921,
    0.15573295002329418,
    0.15699962439809195,
    0.15847276232641655,
    0.15668931097120775,
    0.15724606522539109,
    0.1546958879301866,
    0.15551279988359842,
    0.15765982437981294,
    0.15740062248086983,
    0.1562572813693679,
    0.1562274798623173,
    0.1574581169845116,
    0.1540404771656475,
    0.1557521313517758,
    0.15699243617933747,
    0.15623839174973386,
    0.1535408089484442
  ]
}