{
  "best_epoch": 5,
  "val_best_micro_f1": 0.1647620243626774,
  "test_loss": 0.024487429544329642,
  "test_micro_f1": 0.1577137139641048,
  "test_macro_f1": 0.0010272312700409319
}