{
  "best_epoch": 18,
  "train_loss_best": 0.0122576694060117,
  "train_micro_f1_best": 0.5808376511736452,
  "train_macro_f1_best": 0.12444079976099723,
  "val_loss_best": 0.017895495243370533,
  "val_micro_f1_best": 0.38592136616362194,
  "val_macro_f1_best": 0.0807230511043656,
  "test_loss": 0.01788195090740919,
  "test_micro_f1": 0.3852080123266564,
  "test_macro_f1": 0.08361574897891341
}