{
  "train_loss": [
    0.34611962880194186,
    0.0468534431848675,
    0.027947402007877827,
    0.025732851073145865,
    0.023481285011395812,
    0.02139957605674863,
    0.01982367033325136,
    0.018596670770086348,
    0.017590929923579097,
    0.016764381307177247,
    0.016050687696784735,
    0.015436053279787303,
    0.014905844322405756,
    0.014445396493189037,
    0.014058634080924094,
    0.01371051775291562,
    0.013441842292435467,
    0.013214618728030474,
    0.013055004680529237,
    0.012946214876137674
  ],
  "val_loss": [
    0.08399224746227264,
    0.03020768891274929,
    0.02612743979692459,
    0.024333407819271086,
    0.022044459193944932,
    0.02054139718413353,
    0.019563835233449935,
    0.01890325898677111,
    0.018437354154884816,
    0.018179954059422018,
    0.01802464109659195,
    0.01794822245836258,
    0.017887966006994247,
    0.017883626416325567,
    0.017875005766749382,
    0.017877793565392493,
    0.017891759149730204,
    0.017895495243370533,
    0.01791754838824272,
    0.017923394158482552
  ],
  "val_micro_f1": [
    0.16080464796651464,
    0.16080464796651464,
    0.16080464796651464,
    0.1622707862346144,
    0.19387373926036608,
    0.2373330123961969,
    0.28085991678224687,
    0.33146951848433853,
    0.32673702726473175,
    0.34675317768441205,
    0.3598536330371145,
    0.36636822064423175,
    0.36838855731632025,
    0.37553920324790663,
    0.38007268322228954,
    0.3789176660284188,
    0.38269699835730997,
    0.38592136616362194,
    0.3831463475442533,
    0.38557090330915234
  ],
  "val_macro_f1": [
    0.0005973187489165767,
    0.0005973187489165767,
    0.0005973187489165767,
    0.0009791671405809223,
    0.004805707164896619,
    0.013552888516288922,
    0.02492711063183593,
    0.039534267469704655,
    0.04470178644774039,
    0.05261444182288981,
    0.058523470478840156,
    0.06315438536847268,
    0.06810505070047476,
    0.07142876545122866,
    0.0732710336845519,
    0.076635214194642,
    0.07711492121360267,
    0.0807230511043656,
    0.07959609212797106,
    0.081045346278183
  ]
}