{
  "train_loss": [
    0.19915315906703474,
    0.030014310337603094,
    0.026613341921940446,
    0.025651101475581528,
    0.0247875967733562
  ],
  "val_loss": [
    0.03485824120044708,
    0.02697946161031723,
    0.025767087772488595,
    0.024796700745821,
    0.02422806151211262
  ],
  "val_micro_f1": [
    0.16080464796651464,
    0.16080464796651464,
    0.16080464796651464,
    0.16121568382214996,
    0.1647620243626774
  ],
  "val_macro_f1": [
    0.0005973187489165767,
    0.0005973187489165767,
    0.0005973187489165767,
    0.0007700597282140642,
    0.0010935131184935548
  ]
}