{
  "best_val_micro_f1": 1.0,
  "optimal_threshold": 0.5000000000000001,
  "test_loss_default": 0.1354936544711773,
  "test_micro_f1_default": 1.0,
  "test_macro_f1_default": 1.0,
  "test_loss_optimal": 0.1354936544711773,
  "test_micro_f1_optimal": 1.0,
  "test_macro_f1_optimal": 1.0
}