{
  "train_loss": [
    0.9079429697990418,
    0.7946488380432128,
    0.6571455510457357,
    0.5134774915377299,
    0.388197770913442,
    0.29506600558757784,
    0.22766366879145306,
    0.17707816064357756,
    0.13919092565774918,
    0.10929630527893702,
    0.08817999541759491,
    0.07093929509321849,
    0.05943458462754885
  ],
  "val_loss": [
    0.8484841539309576,
    0.6930055985083947,
    0.5427196942842923,
    0.4025311447106875,
    0.3018259245615739,
    0.22779881495695847,
    0.17384201746720535,
    0.13361588750894254,
    0.10351305798842357,
    0.08122564737613384,
    0.06467532079953414,
    0.05298047168896748,
    0.04424631996796681
  ],
  "val_micro_f1": [
    0.10572012257405516,
    0.3997204751921733,
    0.7158774373259053,
    0.8766025641025641,
    0.9508196721311475,
    0.9865711727842436,
    0.9901168014375562,
    1.0,
    1.0,
    1.0,
    1.0,
    1.0,
    1.0
  ],
  "val_macro_f1": [
    0.10648384916203507,
    0.28608462908082755,
    0.7751816761962672,
    0.923845218038186,
    0.95228224122498,
    0.975809083718413,
    0.978635881104034,
    0.9833333333333333,
    0.9833333333333333,
    0.9833333333333333,
    0.9833333333333333,
    0.9833333333333333,
    0.9833333333333333
  ]
}