{
  "train_loss": [
    0.6019045456191888,
    0.27549191833610154,
    0.20141908623772753,
    0.18893888978988277,
    0.17259258212417647,
    0.153561641398358,
    0.13822616207304442,
    0.12697626669175757,
    0.11832436762977827,
    0.1112722609392333,
    0.10497646063597611,
    0.0993716340390347,
    0.09424895053637165,
    0.0897882055722813,
    0.08558332062354831,
    0.08202165093182638,
    0.07842736224888248,
    0.0748657240709967,
    0.07159669137117232,
    0.06868082952260719,
    0.06569922669497255,
    0.0629983417791863,
    0.060320392137175494,
    0.0578172315811018,
    0.055490442444702845,
    0.05323387258092395,
    0.05117677293081932,
    0.04924036000705117,
    0.04735795383953006,
    0.045556538452730916,
    0.04384168366792644,
    0.042324280152362316,
    0.040799176027984586,
    0.0393081379012137,
    0.03798623290403625,
    0.036688296204811656,
    0.03571434626385209,
    0.034435125128675186,
    0.03358939710074155,
    0.032385007194680085,
    0.031509732205353996,
    0.030662872050314732,
    0.02970241157787492,
    0.028783481628943168,
    0.028279775998960432,
    0.02740030155151109,
    0.02664859070922508,
    0.02610808153989066,
    0.025330913848821683,
    0.024751237209874537,
    0.024265646738234763,
    0.023537636624631503,
    0.023041088845545486,
    0.022628965860211122,
    0.022100076098996044,
    0.02173505091963157,
    0.021174822658206187,
    0.02069241732939905,
    0.02035731528331187,
    0.01982033436919697,
    0.019518816714087703,
    0.019129080376985266,
    0.018805301274213197,
    0.01854369875133917,
    0.01809640926111674,
    0.017813753768471947,
    0.017493243944547574,
    0.017194450509050434,
    0.01704010981929001,
    0.01662811781775336,
    0.01658634680595143,
    0.016154855698763192,
    0.015896771015801534,
    0.01571390583514539,
    0.015471508809894292,
    0.015389673281323608,
    0.015085663369712513,
    0.015017936412476639,
    0.014756281680581566,
    0.014596728072673459,
    0.014371733738598192,
    0.014255635308845653
  ],
  "val_loss": [
    0.3689415525581877,
    0.20930578875339637,
    0.18760603969380008,
    0.17659975184222398,
    0.15712623689639366,
    0.14146966348260137,
    0.13096530912286145,
    0.12372752544233355,
    0.11912374880354283,
    0.11649822462665832,
    0.11416628293819346,
    0.11307418605281135,
    0.11335302049578247,
    0.11286273238770032,
    0.11384541869668638,
    0.11367158920077955,
    0.11440667667883937,
    0.1148811698717586,
    0.11712927270238682,
    0.11746131344619444,
    0.11981616023991068,
    0.12106204538022057,
    0.1231404903455306,
    0.12472520686559758,
    0.12534484797615117,
    0.12806485713285914,
    0.13065551587585675,
    0.13292148235743328,
    0.1348514688848439,
    0.13764039799571037,
    0.14173624418297057,
    0.14233340872293812,
    0.14520336908556647,
    0.14723052286495597,
    0.15051213323564852,
    0.1524424158920676,
    0.15499530600036604,
    0.1578791180657128,
    0.15988360187512332,
    0.16199613646683048,
    0.16278112168281766,
    0.16565122215424555,
    0.1708335214120857,
    0.1732936488874888,
    0.1745434154014466,
    0.17798874230455544,
    0.18088848876245953,
    0.1825692939051127,
    0.18475427465923763,
    0.1867050327108068,
    0.1873831860089706,
    0.19205327382532217,
    0.1933614913437326,
    0.19476670740266977,
    0.19733705857800224,
    0.19827809771996432,
    0.20349836905123825,
    0.20227750125577895,
    0.20483643700510767,
    0.20932009285789424,
    0.21003900556746175,
    0.21119362633612196,
    0.21342369459443172,
    0.21377010365663948,
    0.21782042957463507,
    0.2176552591687542,
    0.22056570712287546,
    0.22121235715635754,
    0.2228460337145854,
    0.2236623227343721,
    0.22550335160251392,
    0.22838699400930082,
    0.2287571618365029,
    0.23026370143486283,
    0.23068302036341976,
    0.23282702734409752,
    0.23352946783021344,
    0.23410512532218028,
    0.23684805063372952,
    0.23719489283986012,
    0.2379024126014467,
    0.2403570606799449
  ],
  "val_micro_f1": [
    0.11286763050038283,
    0.20440933946706016,
    0.07605501351827906,
    0.18024300052826203,
    0.27855622917252176,
    0.3191554156938382,
    0.3389599428682724,
    0.35526902165839747,
    0.3627559009453111,
    0.36567271060697204,
    0.36957554419202504,
    0.37627615770771056,
    0.37211991081014123,
    0.37544122960615917,
    0.37773270227631284,
    0.3741253051261188,
    0.3814427251475008,
    0.3745132743362832,
    0.38392482590821375,
    0.3832150059393906,
    0.3835876795796299,
    0.3820704375667022,
    0.38456052263714946,
    0.38437891381077083,
    0.38271227005816383,
    0.38463056409099877,
    0.3841169250092775,
    0.38367393734414856,
    0.3859072022160665,
    0.38779394968811315,
    0.39068509615384617,
    0.38700103872978187,
    0.3900015057973197,
    0.39125056569618344,
    0.39335349277619963,
    0.39110401179578547,
    0.39369542329844553,
    0.39556697520354145,
    0.39508693768949943,
    0.39420308000500814,
    0.3943014991154288,
    0.39512668733753015,
    0.3977790615572245,
    0.3985175070711011,
    0.39610347719501965,
    0.39852831048741577,
    0.39971002075987744,
    0.40243498974392905,
    0.3994683502242897,
    0.3993089012193906,
    0.40057006496089087,
    0.40314704286489417,
    0.4011451667228023,
    0.4036290322580645,
    0.4055174288238092,
    0.40345272887922246,
    0.40517480577136517,
    0.40470878951161754,
    0.40667814113597245,
    0.4061673076244575,
    0.4070945353850468,
    0.40944937085976657,
    0.409158258660834,
    0.4085870139011086,
    0.40889490752289653,
    0.4097278599414069,
    0.40979667945637754,
    0.4100143061516452,
    0.41012441012441014,
    0.4095234700787682,
    0.4106899763559504,
    0.4101375814627082,
    0.4095679235724108,
    0.4121724063244531,
    0.410674788788571,
    0.41069994890883876,
    0.4126880075749299,
    0.41080374646046613,
    0.4112080979975061,
    0.411434405308831,
    0.412563605081085,
    0.4115192911205464
  ],