{
  "train_loss": [
    0.07918978039100688,
    0.020750033981250197,
    0.018866237769152642,
    0.016089876352154794,
    0.013949739516126845,
    0.012570060623733148,
    0.011523033066351433,
    0.010671701425052513,
    0.00991043483237839,
    0.009201713842099377,
    0.008526344960251208,
    0.007823542626996626,
    0.00718713626294967,
    0.006621330994641599,
    0.006108633023210741,
    0.005661481334626659,
    0.005257586763339516,
    0.004845160167336511,
    0.004510168492788149,
    0.004219991297267762,
    0.003914815111937604,
    0.003677982368601684
  ],
  "val_loss": [
    0.020717304136793492,
    0.017930465450478814,
    0.015957584683546574,
    0.013678656101731931,
    0.012446827562999422,
    0.011904169710637149,
    0.01157335500564363,
    0.011454906559280924,
    0.01141863429161199,
    0.011571050676817105,
    0.011711292979070696,
    0.0120862058868979,
    0.012562873654888344,
    0.01288735356686984,
    0.013597476698647616,
    0.014059821143746376,
    0.014610877970896535,
    0.015067808961464186,
    0.015810340753424974,
    0.01648058751755852,
    0.017295728650701753,
    0.017867308851899737
  ],
  "val_micro_f1": [
    0.0,
    0.0,
    0.045694975022039376,
    0.21430285577153826,
    0.29992782761109393,
    0.3351136142940377,
    0.3482361818524807,
    0.3759956553222303,
    0.38760091525277385,
    0.376468577775879,
    0.3879991723567143,
    0.3891300717982969,
    0.3828647925033467,
    0.38993302212299574,
    0.3787156891681073,
    0.3834595701125896,
    0.3964029947916667,
    0.38615428316357586,
    0.3935939861911182,
    0.3911809468964666,
    0.3816064997068431,
    0.38243626062322944
  ],
  "val_macro_f1": [
    0.0,
    0.0,
    0.00310222103291741,
    0.03481613918057395,
    0.07006266547064219,
    0.09987850299659196,
    0.12032634448055934,
    0.13965943379215306,
    0.16110683811320772,
    0.1651581677395644,
    0.18611582031317234,
    0.1801839731529484,
    0.18593560003465384,
    0.19241437405274467,
    0.18862147267460244,
    0.19252879873054451,
    0.1932031710194049,
    0.20065422831948115,
    0.19405682272902747,
    0.19843022147226455,
    0.18993414120458124,
    0.19044258367062156
  ]
}