{
  "train_loss": [
    0.1371976301074028,
    0.07674098367492357,
    0.04988369872172674,
    0.028661111568411193,
    0.016373110686739287,
    0.009691714694102606,
    0.00627313998217384,
    0.004240508256480098,
    0.0030342677949617308,
    0.0021821216074749826
  ],
  "val_loss": [
    0.08618249228367439,
    0.05186232781180969,
    0.028172267600893974,
    0.014503206699513473,
    0.007848293126489107,
    0.004534377143360102,
    0.002793192809734207,
    0.0018067238046429479,
    0.0011981866465738187,
    0.0008441843808843539
  ],
  "val_micro_f1": [
    0.08608608608608609,
    0.26875,
    0.911219512195122,
    0.9852670349907919,
    1.0,
    1.0,
    1.0,
    1.0,
    1.0,
    1.0
  ],
  "val_macro_f1": [
    0.03906192707663295,
    0.10942098328083445,
    0.9016093782488287,
    0.9791576069181155,
    0.9833333333333333,
    0.9833333333333333,
    0.9833333333333333,
    0.9833333333333333,
    0.9833333333333333,
    0.9833333333333333
  ]
}